frame_number,center_x,center_y,confidence,class_id,class_name
1,89.0,278.5,1.0,28,suitcase
2,94.5,278.5,1.0,28,suitcase
3,94.5,278.5,1.0,28,suitcase
4,100.0,278.5,1.0,28,suitcase
5,106.0,286.0,1.0,28,suitcase
6,112.5,285.5,1.0,28,suitcase
7,119.0,288.0,1.0,28,suitcase
8,119.0,288.0,1.0,28,suitcase
9,125.0,290.0,1.0,28,suitcase
10,131.5,279.0,1.0,28,suitcase
11,138.0,282.5,1.0,28,suitcase
12,145.0,283.5,1.0,28,suitcase
13,145.0,283.5,1.0,28,suitcase
14,152.0,286.0,1.0,28,suitcase
15,159.0,286.5,1.0,28,suitcase
16,166.0,287.0,1.0,28,suitcase
17,173.5,287.5,1.0,28,suitcase
18,173.5,287.5,1.0,28,suitcase
19,181.0,288.0,1.0,28,suitcase
20,200.5,287.5,1.0,28,suitcase
21,215.5,289.0,1.0,28,suitcase
22,231.5,290.0,1.0,28,suitcase
23,231.5,290.0,1.0,28,suitcase
24,248.0,290.0,1.0,28,suitcase
25,264.0,291.0,1.0,28,suitcase
26,281.0,293.5,1.0,28,suitcase
27,298.0,293.5,1.0,28,suitcase
28,298.0,293.5,1.0,28,suitcase
29,313.5,294.5,1.0,28,suitcase
30,330.5,290.0,1.0,28,suitcase
31,348.0,295.5,1.0,28,suitcase
32,365.5,295.5,1.0,28,suitcase
33,365.5,295.5,1.0,28,suitcase
34,381.5,292.5,1.0,28,suitcase
35,397.5,293.0,1.0,28,suitcase
36,414.5,295.0,1.0,28,suitcase
37,431.5,295.5,1.0,28,suitcase
38,431.5,295.5,1.0,28,suitcase
39,449.0,296.5,1.0,28,suitcase
40,467.0,296.0,1.0,28,suitcase
41,487.0,294.5,1.0,28,suitcase
42,505.0,295.5,1.0,28,suitcase
43,505.0,295.5,1.0,28,suitcase
44,523.5,302.0,1.0,28,suitcase
45,542.0,311.0,1.0,28,suitcase
46,557.5,324.0,1.0,28,suitcase
47,575.5,347.5,1.0,28,suitcase
48,575.5,347.5,1.0,28,suitcase
49,592.5,373.0,1.0,28,suitcase
50,611.0,390.5,1.0,28,suitcase
51,629.0,414.5,1.0,28,suitcase
52,646.5,431.5,1.0,28,suitcase
53,646.5,431.5,1.0,28,suitcase
54,670.0,371.5,1.0,28,suitcase
55,691.0,368.0,1.0,28,suitcase
56,712.0,369.0,1.0,28,suitcase
57,733.0,374.0,1.0,28,suitcase
58,733.0,374.0,1.0,28,suitcase
59,758.0,376.5,1.0,28,suitcase
60,782.0,378.5,1.0,28,suitcase
61,805.5,381.0,1.0,28,suitcase
62,830.0,383.5,1.0,28,suitcase
63,830.0,383.5,1.0,28,suitcase
64,856.0,385.5,1.0,28,suitcase
65,881.5,387.5,1.0,28,suitcase
66,905.5,391.0,1.0,28,suitcase
67,931.0,394.0,1.0,28,suitcase
68,931.0,394.0,1.0,28,suitcase
69,956.5,396.5,1.0,28,suitcase
70,980.5,398.5,1.0,28,suitcase
71,1004.0,402.0,1.0,28,suitcase
72,1029.5,404.5,1.0,28,suitcase
73,1029.5,404.5,1.0,28,suitcase
74,1054.0,407.5,1.0,28,suitcase
75,1077.5,411.0,1.0,28,suitcase
76,1100.5,414.5,1.0,28,suitcase
77,1124.0,418.0,1.0,28,suitcase
78,1124.0,418.0,1.0,28,suitcase
79,1146.5,422.0,1.0,28,suitcase
80,1168.5,425.5,1.0,28,suitcase
81,1190.0,429.0,1.0,28,suitcase
82,1210.0,432.5,1.0,28,suitcase
83,1210.0,432.5,1.0,28,suitcase
84,1229.0,435.5,1.0,28,suitcase
85,1248.0,439.0,1.0,28,suitcase
86,1265.5,519.5,1.0,28,suitcase
87,1280.0,521.0,1.0,28,suitcase
88,1280.0,521.0,1.0,28,suitcase
89,1294.0,453.0,1.0,28,suitcase
90,1302.0,458.0,1.0,28,suitcase
91,1305.0,464.0,1.0,28,suitcase
92,1314.0,468.0,1.0,28,suitcase
93,1314.0,468.0,1.0,28,suitcase
94,1321.5,545.0,1.0,28,suitcase
95,1330.0,552.5,1.0,28,suitcase
96,1335.0,484.0,1.0,28,suitcase
97,1339.0,489.5,1.0,28,suitcase
98,1339.0,489.5,1.0,28,suitcase
99,1340.0,494.0,1.0,28,suitcase
100,1340.0,497.5,1.0,28,suitcase
101,1339.0,502.5,1.0,28,suitcase
102,1336.5,506.0,1.0,28,suitcase
103,1336.5,506.0,1.0,28,suitcase
104,1331.0,510.0,1.0,28,suitcase
105,1326.0,514.0,1.0,28,suitcase
106,1317.5,517.0,1.0,28,suitcase
107,1308.5,520.0,1.0,28,suitcase
108,1308.5,520.0,1.0,28,suitcase
109,1299.0,522.0,1.0,28,suitcase
110,1287.0,524.5,1.0,28,suitcase
111,1276.5,527.0,1.0,28,suitcase
112,1263.5,529.0,1.0,28,suitcase
113,1263.5,529.0,1.0,28,suitcase
114,1250.0,530.5,1.0,28,suitcase
115,1235.0,532.5,1.0,28,suitcase
116,1218.0,534.0,1.0,28,suitcase
117,1199.5,535.0,1.0,28,suitcase
118,1199.5,535.0,1.0,28,suitcase
119,1182.0,536.0,1.0,28,suitcase
120,1163.0,536.0,1.0,28,suitcase
121,1140.0,536.0,1.0,28,suitcase
122,1117.0,536.5,1.0,28,suitcase
123,1117.0,536.5,1.0,28,suitcase
124,1092.5,536.0,1.0,28,suitcase
125,1069.0,536.0,1.0,28,suitcase
126,1045.0,537.0,1.0,28,suitcase
127,1021.0,538.5,1.0,28,suitcase
128,1021.0,538.5,1.0,28,suitcase
129,996.0,539.5,1.0,28,suitcase
130,970.0,541.0,1.0,28,suitcase
131,947.5,541.5,1.0,28,suitcase
132,927.0,542.0,1.0,28,suitcase
133,927.0,542.0,1.0,28,suitcase
134,907.0,543.0,1.0,28,suitcase
135,888.0,544.0,1.0,28,suitcase
136,869.0,543.5,1.0,28,suitcase
137,852.0,542.5,1.0,28,suitcase
138,852.0,542.5,1.0,28,suitcase
139,834.5,542.0,1.0,28,suitcase
140,817.0,541.0,1.0,28,suitcase
141,799.0,540.5,1.0,28,suitcase
142,781.0,539.5,1.0,28,suitcase
143,781.0,539.5,1.0,28,suitcase
144,765.0,538.5,1.0,28,suitcase
145,748.5,538.0,1.0,28,suitcase
146,730.0,537.0,1.0,28,suitcase
147,714.0,535.5,1.0,28,suitcase
148,714.0,535.5,1.0,28,suitcase
149,698.0,534.0,1.0,28,suitcase
150,681.5,532.5,1.0,28,suitcase
151,664.0,531.0,1.0,28,suitcase
152,650.0,528.0,1.0,28,suitcase
153,650.0,528.0,1.0,28,suitcase
154,634.5,527.0,1.0,28,suitcase
155,619.0,525.5,1.0,28,suitcase
156,604.5,523.5,1.0,28,suitcase
157,589.0,520.5,1.0,28,suitcase
158,589.0,520.5,1.0,28,suitcase
159,574.5,518.5,1.0,28,suitcase
160,558.0,516.0,1.0,28,suitcase
161,547.0,512.5,1.0,28,suitcase
162,532.0,510.0,1.0,28,suitcase
163,532.0,510.0,1.0,28,suitcase
164,518.5,507.0,1.0,28,suitcase
165,510.0,504.5,1.0,28,suitcase
166,499.0,502.0,1.0,28,suitcase
167,488.5,499.0,1.0,28,suitcase
168,488.5,499.0,1.0,28,suitcase
169,477.5,496.5,1.0,28,suitcase
170,466.5,493.5,1.0,28,suitcase
171,457.0,490.5,1.0,28,suitcase
172,449.0,487.0,1.0,28,suitcase
173,449.0,487.0,1.0,28,suitcase
174,439.5,483.5,1.0,28,suitcase
175,432.0,479.5,1.0,28,suitcase
176,424.5,476.0,1.0,28,suitcase
177,416.5,473.0,1.0,28,suitcase
178,416.5,473.0,1.0,28,suitcase
179,410.0,469.0,1.0,28,suitcase
180,406.0,465.0,1.0,28,suitcase
181,400.5,461.5,1.0,28,suitcase
182,395.0,458.5,1.0,28,suitcase
183,395.0,458.5,1.0,28,suitcase
184,383.0,454.5,1.0,28,suitcase
185,373.5,451.0,1.0,28,suitcase
186,364.5,447.5,1.0,28,suitcase
187,357.0,443.0,1.0,28,suitcase
188,357.0,443.0,1.0,28,suitcase
189,354.5,439.0,1.0,28,suitcase
190,357.5,435.0,1.0,28,suitcase
191,357.5,432.0,1.0,28,suitcase
192,359.0,496.0,1.0,28,suitcase
193,359.0,496.0,1.0,28,suitcase
194,361.0,425.0,1.0,28,suitcase
195,364.0,421.5,1.0,28,suitcase
196,367.0,487.0,1.0,28,suitcase
197,371.0,483.0,1.0,28,suitcase
198,371.0,483.0,1.0,28,suitcase
199,375.0,479.0,1.0,28,suitcase
200,380.5,478.0,1.0,28,suitcase
201,392.5,476.0,1.0,28,suitcase
202,398.5,473.5,1.0,28,suitcase
203,398.5,473.5,1.0,28,suitcase
204,399.5,471.0,1.0,28,suitcase
205,406.0,468.5,1.0,28,suitcase
206,414.0,466.0,1.0,28,suitcase
207,421.5,463.0,1.0,28,suitcase
208,421.5,463.0,1.0,28,suitcase
209,430.0,460.0,1.0,28,suitcase
210,439.0,457.0,1.0,28,suitcase
211,449.0,454.0,1.0,28,suitcase
212,459.0,451.0,1.0,28,suitcase
213,459.0,451.0,1.0,28,suitcase
214,469.0,447.5,1.0,28,suitcase
215,480.0,445.0,1.0,28,suitcase
216,490.5,442.5,1.0,28,suitcase
217,501.5,439.0,1.0,28,suitcase
218,501.5,439.0,1.0,28,suitcase
219,513.0,433.5,1.0,28,suitcase
220,525.0,430.5,1.0,28,suitcase
221,538.0,429.0,1.0,28,suitcase
222,551.0,425.5,1.0,28,suitcase
223,551.0,425.5,1.0,28,suitcase
224,564.0,418.0,1.0,28,suitcase
225,577.5,416.5,1.0,28,suitcase
226,591.0,414.0,1.0,28,suitcase
227,605.0,413.0,1.0,28,suitcase
228,605.0,413.0,1.0,28,suitcase
229,618.5,410.5,1.0,28,suitcase
230,632.5,409.5,1.0,28,suitcase
231,647.5,408.5,1.0,28,suitcase
232,662.0,407.5,1.0,28,suitcase
233,662.0,407.5,1.0,28,suitcase
234,677.0,406.0,1.0,28,suitcase
235,692.0,404.5,1.0,28,suitcase
236,707.0,346.5,1.0,28,suitcase
237,722.5,345.0,1.0,28,suitcase
238,722.5,345.0,1.0,28,suitcase
239,738.5,344.5,1.0,28,suitcase
240,753.0,343.0,1.0,28,suitcase
241,753.0,343.0,1.0,28,suitcase
